-- phpMyAdmin SQL Dump
-- version 5.2.1
-- https://www.phpmyadmin.net/
--
-- Host: 127.0.0.1
-- Generation Time: Oct 14, 2024 at 10:32 AM
-- Server version: 10.4.32-MariaDB
-- PHP Version: 8.2.12

SET SQL_MODE = "NO_AUTO_VALUE_ON_ZERO";
START TRANSACTION;
SET time_zone = "+00:00";


/*!40101 SET @OLD_CHARACTER_SET_CLIENT=@@CHARACTER_SET_CLIENT */;
/*!40101 SET @OLD_CHARACTER_SET_RESULTS=@@CHARACTER_SET_RESULTS */;
/*!40101 SET @OLD_COLLATION_CONNECTION=@@COLLATION_CONNECTION */;
/*!40101 SET NAMES utf8mb4 */;

--
-- Database: `complab_db`
--
CREATE DATABASE IF NOT EXISTS `complab_db` DEFAULT CHARACTER SET utf8 COLLATE utf8_general_ci;
USE `complab_db`;

-- --------------------------------------------------------

--
-- Table structure for table `cache`
--

CREATE TABLE `cache` (
  `key` varchar(255) NOT NULL,
  `value` mediumtext NOT NULL,
  `expiration` int(11) NOT NULL
) ENGINE=InnoDB DEFAULT CHARSET=utf8mb4 COLLATE=utf8mb4_unicode_ci;

--
-- Dumping data for table `cache`
--

INSERT INTO `cache` (`key`, `value`, `expiration`) VALUES
('356a192b7913b04c54574d18c28d46e6395428ab', 'i:1;', 1727361321),
('356a192b7913b04c54574d18c28d46e6395428ab:timer', 'i:1727361321;', 1727361321);

-- --------------------------------------------------------

--
-- Table structure for table `cache_locks`
--

CREATE TABLE `cache_locks` (
  `key` varchar(255) NOT NULL,
  `owner` varchar(255) NOT NULL,
  `expiration` int(11) NOT NULL
) ENGINE=InnoDB DEFAULT CHARSET=utf8mb4 COLLATE=utf8mb4_unicode_ci;

-- --------------------------------------------------------

--
-- Table structure for table `computer_devices`
--

CREATE TABLE `computer_devices` (
  `id` varchar(255) NOT NULL,
  `device_name` varchar(255) NOT NULL,
  `serial_number` varchar(255) NOT NULL,
  `patch_id` varchar(255) DEFAULT NULL,
  `token` varchar(255) DEFAULT NULL,
  `laboratory_id` bigint(20) UNSIGNED DEFAULT NULL,
  `patched_date` datetime DEFAULT NULL,
  `created_at` timestamp NULL DEFAULT NULL,
  `updated_at` timestamp NULL DEFAULT NULL
) ENGINE=InnoDB DEFAULT CHARSET=utf8mb4 COLLATE=utf8mb4_unicode_ci;

--
-- Dumping data for table `computer_devices`
--

INSERT INTO `computer_devices` (`id`, `device_name`, `serial_number`, `patch_id`, `token`, `laboratory_id`, `patched_date`, `created_at`, `updated_at`) VALUES
('1D6BA1C3-F233-DC2C-F6DC-5811224D4468', 'HF-12', 'SN-123442', 'G7QU-2YA5', 'GFUCMMX5SVIX924X', 1, '2024-10-14 15:57:33', '2024-10-14 07:52:49', '2024-10-14 07:57:33'),
('70201510-DC41-2444-8C6D-E9144B921FDF', 'Jansen-Laptop', 'SN-12312', 'HYV4-J9GH', 'CNH8LXHMJXTAA602', 1, '2024-10-14 16:14:44', '2024-10-14 08:14:21', '2024-10-14 08:17:04');

-- --------------------------------------------------------

--
-- Table structure for table `cpu_infos`
--

CREATE TABLE `cpu_infos` (
  `id` bigint(20) UNSIGNED NOT NULL,
  `device_id` varchar(255) DEFAULT NULL,
  `brand` varchar(255) DEFAULT NULL,
  `arch` varchar(255) DEFAULT NULL,
  `bits` varchar(255) DEFAULT NULL,
  `cores` varchar(255) DEFAULT NULL,
  `threads` varchar(255) DEFAULT NULL,
  `frequency` varchar(255) DEFAULT NULL,
  `base_speed` varchar(255) DEFAULT NULL,
  `created_at` timestamp NULL DEFAULT NULL,
  `updated_at` timestamp NULL DEFAULT NULL
) ENGINE=InnoDB DEFAULT CHARSET=utf8mb4 COLLATE=utf8mb4_unicode_ci;

--
-- Dumping data for table `cpu_infos`
--

INSERT INTO `cpu_infos` (`id`, `device_id`, `brand`, `arch`, `bits`, `cores`, `threads`, `frequency`, `base_speed`, `created_at`, `updated_at`) VALUES
(17, '1D6BA1C3-F233-DC2C-F6DC-5811224D4468', 'AMD Ryzen 7 5700X', 'AMD64', '64bit', '8', '16', '3401.00 MHz', '3.40 GHz', '2024-10-14 07:53:05', '2024-10-14 07:59:09'),
(18, '70201510-DC41-2444-8C6D-E9144B921FDF', 'AMD Ryzen 7 4800H', 'AMD64', '64bit', '8', '16', '2901.00 MHz', '2.90 GHz', '2024-10-14 08:15:18', '2024-10-14 08:15:18');

-- --------------------------------------------------------

--
-- Table structure for table `cpu_temps`
--

CREATE TABLE `cpu_temps` (
  `id` bigint(20) UNSIGNED NOT NULL,
  `cpu_id` bigint(20) UNSIGNED DEFAULT NULL,
  `temp` decimal(10,1) NOT NULL,
  `created_at` timestamp NULL DEFAULT NULL,
  `updated_at` timestamp NULL DEFAULT NULL
) ENGINE=InnoDB DEFAULT CHARSET=utf8mb4 COLLATE=utf8mb4_unicode_ci;

--
-- Dumping data for table `cpu_temps`
--

INSERT INTO `cpu_temps` (`id`, `cpu_id`, `temp`, `created_at`, `updated_at`) VALUES
(1733, 17, 52.8, '2024-10-14 07:54:26', '2024-10-14 07:54:26'),
(1734, 17, 58.9, '2024-10-14 07:54:29', '2024-10-14 07:54:29'),
(1735, 17, 59.3, '2024-10-14 07:54:33', '2024-10-14 07:54:33'),
(1736, 17, 59.5, '2024-10-14 07:54:37', '2024-10-14 07:54:37'),
(1737, 17, 59.6, '2024-10-14 07:54:41', '2024-10-14 07:54:41'),
(1738, 17, 58.8, '2024-10-14 07:54:44', '2024-10-14 07:54:44'),
(1739, 17, 59.8, '2024-10-14 07:54:48', '2024-10-14 07:54:48'),
(1740, 17, 59.6, '2024-10-14 07:54:52', '2024-10-14 07:54:52'),
(1741, 17, 59.8, '2024-10-14 07:54:56', '2024-10-14 07:54:56'),
(1742, 17, 59.6, '2024-10-14 07:55:01', '2024-10-14 07:55:01'),
(1743, 17, 58.6, '2024-10-14 07:55:04', '2024-10-14 07:55:04'),
(1744, 17, 60.4, '2024-10-14 07:55:09', '2024-10-14 07:55:09'),
(1745, 17, 60.3, '2024-10-14 07:55:13', '2024-10-14 07:55:13'),
(1746, 17, 60.3, '2024-10-14 07:55:17', '2024-10-14 07:55:17'),
(1747, 17, 58.8, '2024-10-14 07:55:20', '2024-10-14 07:55:20'),
(1748, 17, 59.3, '2024-10-14 07:55:24', '2024-10-14 07:55:24'),
(1749, 17, 61.4, '2024-10-14 07:55:28', '2024-10-14 07:55:28'),
(1750, 17, 61.0, '2024-10-14 07:55:32', '2024-10-14 07:55:32'),
(1751, 17, 60.6, '2024-10-14 07:55:36', '2024-10-14 07:55:36'),
(1752, 17, 60.3, '2024-10-14 07:55:40', '2024-10-14 07:55:40'),
(1753, 17, 59.1, '2024-10-14 07:55:44', '2024-10-14 07:55:44'),
(1754, 17, 60.6, '2024-10-14 07:55:48', '2024-10-14 07:55:48'),
(1755, 17, 61.1, '2024-10-14 07:55:52', '2024-10-14 07:55:52'),
(1756, 17, 61.5, '2024-10-14 07:55:56', '2024-10-14 07:55:56'),
(1757, 17, 60.8, '2024-10-14 07:56:00', '2024-10-14 07:56:00'),
(1758, 17, 60.3, '2024-10-14 07:56:04', '2024-10-14 07:56:04'),
(1759, 17, 61.0, '2024-10-14 07:56:08', '2024-10-14 07:56:08'),
(1760, 17, 59.3, '2024-10-14 07:56:12', '2024-10-14 07:56:12'),
(1761, 17, 60.6, '2024-10-14 07:56:15', '2024-10-14 07:56:15'),
(1762, 17, 61.1, '2024-10-14 07:56:19', '2024-10-14 07:56:19'),
(1763, 17, 59.9, '2024-10-14 07:56:23', '2024-10-14 07:56:23'),
(1764, 17, 59.5, '2024-10-14 07:56:27', '2024-10-14 07:56:27'),
(1765, 17, 58.6, '2024-10-14 07:56:32', '2024-10-14 07:56:32'),
(1766, 17, 61.4, '2024-10-14 07:56:35', '2024-10-14 07:56:35'),
(1767, 17, 61.6, '2024-10-14 07:56:39', '2024-10-14 07:56:39'),
(1768, 17, 61.1, '2024-10-14 07:56:43', '2024-10-14 07:56:43'),
(1769, 17, 60.8, '2024-10-14 07:56:47', '2024-10-14 07:56:47'),
(1770, 17, 61.3, '2024-10-14 07:56:52', '2024-10-14 07:56:52'),
(1771, 17, 56.8, '2024-10-14 07:57:34', '2024-10-14 07:57:34'),
(1772, 17, 59.6, '2024-10-14 07:57:39', '2024-10-14 07:57:39'),
(1773, 17, 60.8, '2024-10-14 07:57:43', '2024-10-14 07:57:43'),
(1774, 17, 62.0, '2024-10-14 07:57:47', '2024-10-14 07:57:47'),
(1775, 17, 61.8, '2024-10-14 07:57:52', '2024-10-14 07:57:52'),
(1776, 17, 60.9, '2024-10-14 07:57:56', '2024-10-14 07:57:56'),
(1777, 17, 60.6, '2024-10-14 07:58:00', '2024-10-14 07:58:00'),
(1778, 17, 61.0, '2024-10-14 07:58:04', '2024-10-14 07:58:04'),
(1779, 17, 61.8, '2024-10-14 07:58:08', '2024-10-14 07:58:08'),
(1780, 17, 62.1, '2024-10-14 07:58:12', '2024-10-14 07:58:12'),
(1781, 17, 62.3, '2024-10-14 07:58:16', '2024-10-14 07:58:16'),
(1782, 17, 61.0, '2024-10-14 07:58:21', '2024-10-14 07:58:21'),
(1783, 17, 62.3, '2024-10-14 07:58:26', '2024-10-14 07:58:26'),
(1784, 17, 61.1, '2024-10-14 07:58:30', '2024-10-14 07:58:30'),
(1785, 17, 60.1, '2024-10-14 07:58:34', '2024-10-14 07:58:34'),
(1786, 17, 60.1, '2024-10-14 07:58:38', '2024-10-14 07:58:38'),
(1787, 17, 60.1, '2024-10-14 07:58:42', '2024-10-14 07:58:42'),
(1788, 17, 61.0, '2024-10-14 07:58:45', '2024-10-14 07:58:45'),
(1789, 17, 60.6, '2024-10-14 07:58:49', '2024-10-14 07:58:49'),
(1790, 17, 60.0, '2024-10-14 07:58:53', '2024-10-14 07:58:53'),
(1791, 17, 60.3, '2024-10-14 07:58:57', '2024-10-14 07:58:57'),
(1792, 17, 60.9, '2024-10-14 07:59:01', '2024-10-14 07:59:01'),
(1793, 17, 60.4, '2024-10-14 07:59:05', '2024-10-14 07:59:05'),
(1794, 17, 59.3, '2024-10-14 07:59:09', '2024-10-14 07:59:09'),
(1795, 17, 60.0, '2024-10-14 07:59:13', '2024-10-14 07:59:13'),
(1796, 18, 93.6, '2024-10-14 08:15:18', '2024-10-14 08:15:18'),
(1797, 18, 90.6, '2024-10-14 08:15:23', '2024-10-14 08:15:23'),
(1798, 18, 87.4, '2024-10-14 08:15:26', '2024-10-14 08:15:26'),
(1799, 18, 82.0, '2024-10-14 08:15:30', '2024-10-14 08:15:30'),
(1800, 18, 86.5, '2024-10-14 08:15:34', '2024-10-14 08:15:34'),
(1801, 18, 80.5, '2024-10-14 08:15:38', '2024-10-14 08:15:38'),
(1802, 18, 86.4, '2024-10-14 08:15:42', '2024-10-14 08:15:42'),
(1803, 18, 80.4, '2024-10-14 08:15:46', '2024-10-14 08:15:46'),
(1804, 18, 77.1, '2024-10-14 08:15:50', '2024-10-14 08:15:50'),
(1805, 18, 90.6, '2024-10-14 08:15:54', '2024-10-14 08:15:54'),
(1806, 18, 86.1, '2024-10-14 08:15:58', '2024-10-14 08:15:58'),
(1807, 18, 88.1, '2024-10-14 08:16:02', '2024-10-14 08:16:02'),
(1808, 18, 83.6, '2024-10-14 08:16:06', '2024-10-14 08:16:06'),
(1809, 18, 86.5, '2024-10-14 08:16:10', '2024-10-14 08:16:10'),
(1810, 18, 90.3, '2024-10-14 08:16:14', '2024-10-14 08:16:14'),
(1811, 18, 85.6, '2024-10-14 08:16:18', '2024-10-14 08:16:18'),
(1812, 18, 79.0, '2024-10-14 08:16:22', '2024-10-14 08:16:22'),
(1813, 18, 93.0, '2024-10-14 08:16:26', '2024-10-14 08:16:26'),
(1814, 18, 86.6, '2024-10-14 08:16:30', '2024-10-14 08:16:30'),
(1815, 18, 90.5, '2024-10-14 08:16:34', '2024-10-14 08:16:34'),
(1816, 18, 86.0, '2024-10-14 08:16:38', '2024-10-14 08:16:38'),
(1817, 18, 89.4, '2024-10-14 08:16:41', '2024-10-14 08:16:41'),
(1818, 18, 83.3, '2024-10-14 08:16:46', '2024-10-14 08:16:46'),
(1819, 18, 87.4, '2024-10-14 08:16:50', '2024-10-14 08:16:50'),
(1820, 18, 80.1, '2024-10-14 08:16:55', '2024-10-14 08:16:55'),
(1821, 18, 86.8, '2024-10-14 08:17:00', '2024-10-14 08:17:00'),
(1822, 18, 90.5, '2024-10-14 08:17:04', '2024-10-14 08:17:04'),
(1823, 18, 84.5, '2024-10-14 08:17:08', '2024-10-14 08:17:08'),
(1824, 18, 87.9, '2024-10-14 08:17:12', '2024-10-14 08:17:12'),
(1825, 18, 81.8, '2024-10-14 08:17:16', '2024-10-14 08:17:16'),
(1826, 18, 87.1, '2024-10-14 08:17:20', '2024-10-14 08:17:20'),
(1827, 18, 89.8, '2024-10-14 08:17:25', '2024-10-14 08:17:25'),
(1828, 18, 85.6, '2024-10-14 08:17:28', '2024-10-14 08:17:28'),
(1829, 18, 89.1, '2024-10-14 08:17:33', '2024-10-14 08:17:33'),
(1830, 18, 83.0, '2024-10-14 08:17:36', '2024-10-14 08:17:36'),
(1831, 18, 77.8, '2024-10-14 08:17:40', '2024-10-14 08:17:40'),
(1832, 18, 83.4, '2024-10-14 08:17:44', '2024-10-14 08:17:44'),
(1833, 18, 77.5, '2024-10-14 08:17:48', '2024-10-14 08:17:48'),
(1834, 18, 81.5, '2024-10-14 08:17:52', '2024-10-14 08:17:52'),
(1835, 18, 85.3, '2024-10-14 08:17:56', '2024-10-14 08:17:56'),
(1836, 18, 90.3, '2024-10-14 08:18:00', '2024-10-14 08:18:00'),
(1837, 18, 84.1, '2024-10-14 08:18:03', '2024-10-14 08:18:03'),
(1838, 18, 88.0, '2024-10-14 08:18:07', '2024-10-14 08:18:07'),
(1839, 18, 83.4, '2024-10-14 08:18:11', '2024-10-14 08:18:11'),
(1840, 18, 86.9, '2024-10-14 08:18:14', '2024-10-14 08:18:14'),
(1841, 18, 80.6, '2024-10-14 08:18:18', '2024-10-14 08:18:18'),
(1842, 18, 76.3, '2024-10-14 08:18:22', '2024-10-14 08:18:22'),
(1843, 18, 79.8, '2024-10-14 08:18:26', '2024-10-14 08:18:26'),
(1844, 18, 94.6, '2024-10-14 08:18:30', '2024-10-14 08:18:30'),
(1845, 18, 88.5, '2024-10-14 08:18:34', '2024-10-14 08:18:34'),
(1846, 18, 82.1, '2024-10-14 08:18:37', '2024-10-14 08:18:37'),
(1847, 18, 77.6, '2024-10-14 08:18:41', '2024-10-14 08:18:41'),
(1848, 18, 81.4, '2024-10-14 08:18:44', '2024-10-14 08:18:44'),
(1849, 18, 85.0, '2024-10-14 08:18:48', '2024-10-14 08:18:48'),
(1850, 18, 80.4, '2024-10-14 08:18:52', '2024-10-14 08:18:52'),
(1851, 18, 83.4, '2024-10-14 08:18:56', '2024-10-14 08:18:56'),
(1852, 18, 89.0, '2024-10-14 08:19:01', '2024-10-14 08:19:01'),
(1853, 18, 82.8, '2024-10-14 08:19:05', '2024-10-14 08:19:05'),
(1854, 18, 76.9, '2024-10-14 08:19:08', '2024-10-14 08:19:08'),
(1855, 18, 73.1, '2024-10-14 08:19:12', '2024-10-14 08:19:12'),
(1856, 18, 77.0, '2024-10-14 08:19:16', '2024-10-14 08:19:16'),
(1857, 18, 82.0, '2024-10-14 08:19:20', '2024-10-14 08:19:20'),
(1858, 18, 87.0, '2024-10-14 08:19:24', '2024-10-14 08:19:24'),
(1859, 18, 81.4, '2024-10-14 08:19:28', '2024-10-14 08:19:28'),
(1860, 18, 94.6, '2024-10-14 08:19:31', '2024-10-14 08:19:31'),
(1861, 18, 90.0, '2024-10-14 08:19:35', '2024-10-14 08:19:35'),
(1862, 18, 83.9, '2024-10-14 08:19:39', '2024-10-14 08:19:39'),
(1863, 18, 77.6, '2024-10-14 08:26:20', '2024-10-14 08:26:20');

-- --------------------------------------------------------

--
-- Table structure for table `cpu_utilizations`
--

CREATE TABLE `cpu_utilizations` (
  `id` bigint(20) UNSIGNED NOT NULL,
  `cpu_id` bigint(20) UNSIGNED DEFAULT NULL,
  `util` decimal(10,1) NOT NULL,
  `created_at` timestamp NULL DEFAULT NULL,
  `updated_at` timestamp NULL DEFAULT NULL
) ENGINE=InnoDB DEFAULT CHARSET=utf8mb4 COLLATE=utf8mb4_unicode_ci;

--
-- Dumping data for table `cpu_utilizations`
--

INSERT INTO `cpu_utilizations` (`id`, `cpu_id`, `util`, `created_at`, `updated_at`) VALUES
(1733, 17, 0.0, '2024-10-14 07:54:26', '2024-10-14 07:54:26'),
(1734, 17, 5.5, '2024-10-14 07:54:29', '2024-10-14 07:54:29'),
(1735, 17, 6.7, '2024-10-14 07:54:33', '2024-10-14 07:54:33'),
(1736, 17, 4.6, '2024-10-14 07:54:37', '2024-10-14 07:54:37'),
(1737, 17, 6.0, '2024-10-14 07:54:41', '2024-10-14 07:54:41'),
(1738, 17, 6.0, '2024-10-14 07:54:44', '2024-10-14 07:54:44'),
(1739, 17, 5.7, '2024-10-14 07:54:48', '2024-10-14 07:54:48'),
(1740, 17, 4.9, '2024-10-14 07:54:52', '2024-10-14 07:54:52'),
(1741, 17, 4.7, '2024-10-14 07:54:56', '2024-10-14 07:54:56'),
(1742, 17, 4.7, '2024-10-14 07:55:01', '2024-10-14 07:55:01'),
(1743, 17, 4.2, '2024-10-14 07:55:04', '2024-10-14 07:55:04'),
(1744, 17, 5.1, '2024-10-14 07:55:09', '2024-10-14 07:55:09'),
(1745, 17, 4.4, '2024-10-14 07:55:13', '2024-10-14 07:55:13'),
(1746, 17, 5.1, '2024-10-14 07:55:17', '2024-10-14 07:55:17'),
(1747, 17, 3.8, '2024-10-14 07:55:20', '2024-10-14 07:55:20'),
(1748, 17, 4.2, '2024-10-14 07:55:24', '2024-10-14 07:55:24'),
(1749, 17, 5.7, '2024-10-14 07:55:28', '2024-10-14 07:55:28'),
(1750, 17, 4.7, '2024-10-14 07:55:32', '2024-10-14 07:55:32'),
(1751, 17, 5.5, '2024-10-14 07:55:36', '2024-10-14 07:55:36'),
(1752, 17, 4.8, '2024-10-14 07:55:40', '2024-10-14 07:55:40'),
(1753, 17, 4.1, '2024-10-14 07:55:44', '2024-10-14 07:55:44'),
(1754, 17, 5.8, '2024-10-14 07:55:48', '2024-10-14 07:55:48'),
(1755, 17, 5.5, '2024-10-14 07:55:52', '2024-10-14 07:55:52'),
(1756, 17, 5.9, '2024-10-14 07:55:56', '2024-10-14 07:55:56'),
(1757, 17, 5.3, '2024-10-14 07:56:00', '2024-10-14 07:56:00'),
(1758, 17, 4.8, '2024-10-14 07:56:04', '2024-10-14 07:56:04'),
(1759, 17, 6.2, '2024-10-14 07:56:08', '2024-10-14 07:56:08'),
(1760, 17, 3.7, '2024-10-14 07:56:12', '2024-10-14 07:56:12'),
(1761, 17, 6.9, '2024-10-14 07:56:15', '2024-10-14 07:56:15'),
(1762, 17, 5.8, '2024-10-14 07:56:19', '2024-10-14 07:56:19'),
(1763, 17, 4.1, '2024-10-14 07:56:23', '2024-10-14 07:56:23'),
(1764, 17, 3.9, '2024-10-14 07:56:27', '2024-10-14 07:56:27'),
(1765, 17, 3.8, '2024-10-14 07:56:32', '2024-10-14 07:56:32'),
(1766, 17, 6.9, '2024-10-14 07:56:35', '2024-10-14 07:56:35'),
(1767, 17, 7.0, '2024-10-14 07:56:39', '2024-10-14 07:56:39'),
(1768, 17, 5.1, '2024-10-14 07:56:43', '2024-10-14 07:56:43'),
(1769, 17, 5.9, '2024-10-14 07:56:47', '2024-10-14 07:56:47'),
(1770, 17, 6.5, '2024-10-14 07:56:52', '2024-10-14 07:56:52'),
(1771, 17, 0.0, '2024-10-14 07:57:34', '2024-10-14 07:57:34'),
(1772, 17, 6.3, '2024-10-14 07:57:39', '2024-10-14 07:57:39'),
(1773, 17, 5.9, '2024-10-14 07:57:43', '2024-10-14 07:57:43'),
(1774, 17, 6.1, '2024-10-14 07:57:47', '2024-10-14 07:57:47'),
(1775, 17, 6.8, '2024-10-14 07:57:52', '2024-10-14 07:57:52'),
(1776, 17, 4.9, '2024-10-14 07:57:56', '2024-10-14 07:57:56'),
(1777, 17, 6.5, '2024-10-14 07:58:00', '2024-10-14 07:58:00'),
(1778, 17, 4.7, '2024-10-14 07:58:04', '2024-10-14 07:58:04'),
(1779, 17, 6.4, '2024-10-14 07:58:08', '2024-10-14 07:58:08'),
(1780, 17, 6.2, '2024-10-14 07:58:12', '2024-10-14 07:58:12'),
(1781, 17, 5.8, '2024-10-14 07:58:16', '2024-10-14 07:58:16'),
(1782, 17, 4.7, '2024-10-14 07:58:21', '2024-10-14 07:58:21'),
(1783, 17, 5.6, '2024-10-14 07:58:26', '2024-10-14 07:58:26'),
(1784, 17, 5.3, '2024-10-14 07:58:30', '2024-10-14 07:58:30'),
(1785, 17, 4.8, '2024-10-14 07:58:34', '2024-10-14 07:58:34'),
(1786, 17, 5.3, '2024-10-14 07:58:38', '2024-10-14 07:58:38'),
(1787, 17, 4.4, '2024-10-14 07:58:42', '2024-10-14 07:58:42'),
(1788, 17, 5.3, '2024-10-14 07:58:45', '2024-10-14 07:58:45'),
(1789, 17, 4.4, '2024-10-14 07:58:49', '2024-10-14 07:58:49'),
(1790, 17, 5.1, '2024-10-14 07:58:53', '2024-10-14 07:58:53'),
(1791, 17, 5.5, '2024-10-14 07:58:57', '2024-10-14 07:58:57'),
(1792, 17, 5.2, '2024-10-14 07:59:01', '2024-10-14 07:59:01'),
(1793, 17, 5.1, '2024-10-14 07:59:05', '2024-10-14 07:59:05'),
(1794, 17, 4.4, '2024-10-14 07:59:09', '2024-10-14 07:59:09'),
(1795, 17, 5.3, '2024-10-14 07:59:13', '2024-10-14 07:59:13'),
(1796, 18, 0.0, '2024-10-14 08:15:18', '2024-10-14 08:15:18'),
(1797, 18, 7.0, '2024-10-14 08:15:23', '2024-10-14 08:15:23'),
(1798, 18, 6.2, '2024-10-14 08:15:26', '2024-10-14 08:15:26'),
(1799, 18, 4.6, '2024-10-14 08:15:30', '2024-10-14 08:15:30'),
(1800, 18, 4.4, '2024-10-14 08:15:34', '2024-10-14 08:15:34'),
(1801, 18, 4.5, '2024-10-14 08:15:38', '2024-10-14 08:15:38'),
(1802, 18, 4.3, '2024-10-14 08:15:42', '2024-10-14 08:15:42'),
(1803, 18, 4.2, '2024-10-14 08:15:46', '2024-10-14 08:15:46'),
(1804, 18, 4.2, '2024-10-14 08:15:50', '2024-10-14 08:15:50'),
(1805, 18, 5.2, '2024-10-14 08:15:54', '2024-10-14 08:15:54'),
(1806, 18, 4.4, '2024-10-14 08:15:58', '2024-10-14 08:15:58'),
(1807, 18, 4.1, '2024-10-14 08:16:02', '2024-10-14 08:16:02'),
(1808, 18, 4.3, '2024-10-14 08:16:06', '2024-10-14 08:16:06'),
(1809, 18, 5.3, '2024-10-14 08:16:10', '2024-10-14 08:16:10'),
(1810, 18, 6.3, '2024-10-14 08:16:14', '2024-10-14 08:16:14'),
(1811, 18, 5.1, '2024-10-14 08:16:18', '2024-10-14 08:16:18'),
(1812, 18, 4.6, '2024-10-14 08:16:22', '2024-10-14 08:16:22'),
(1813, 18, 4.5, '2024-10-14 08:16:26', '2024-10-14 08:16:26'),
(1814, 18, 3.1, '2024-10-14 08:16:30', '2024-10-14 08:16:30'),
(1815, 18, 4.2, '2024-10-14 08:16:34', '2024-10-14 08:16:34'),
(1816, 18, 4.5, '2024-10-14 08:16:38', '2024-10-14 08:16:38'),
(1817, 18, 4.7, '2024-10-14 08:16:41', '2024-10-14 08:16:41'),
(1818, 18, 3.8, '2024-10-14 08:16:46', '2024-10-14 08:16:46'),
(1819, 18, 3.7, '2024-10-14 08:16:50', '2024-10-14 08:16:50'),
(1820, 18, 4.7, '2024-10-14 08:16:55', '2024-10-14 08:16:55'),
(1821, 18, 5.5, '2024-10-14 08:17:00', '2024-10-14 08:17:00'),
(1822, 18, 6.5, '2024-10-14 08:17:04', '2024-10-14 08:17:04'),
(1823, 18, 4.8, '2024-10-14 08:17:08', '2024-10-14 08:17:08'),
(1824, 18, 4.5, '2024-10-14 08:17:12', '2024-10-14 08:17:12'),
(1825, 18, 4.5, '2024-10-14 08:17:16', '2024-10-14 08:17:16'),
(1826, 18, 4.9, '2024-10-14 08:17:20', '2024-10-14 08:17:20'),
(1827, 18, 4.0, '2024-10-14 08:17:25', '2024-10-14 08:17:25'),
(1828, 18, 5.9, '2024-10-14 08:17:28', '2024-10-14 08:17:28'),
(1829, 18, 4.5, '2024-10-14 08:17:33', '2024-10-14 08:17:33'),
(1830, 18, 4.8, '2024-10-14 08:17:36', '2024-10-14 08:17:36'),
(1831, 18, 4.3, '2024-10-14 08:17:40', '2024-10-14 08:17:40'),
(1832, 18, 4.6, '2024-10-14 08:17:44', '2024-10-14 08:17:44'),
(1833, 18, 4.3, '2024-10-14 08:17:48', '2024-10-14 08:17:48'),
(1834, 18, 4.6, '2024-10-14 08:17:52', '2024-10-14 08:17:52'),
(1835, 18, 4.8, '2024-10-14 08:17:56', '2024-10-14 08:17:56'),
(1836, 18, 5.9, '2024-10-14 08:18:00', '2024-10-14 08:18:00'),
(1837, 18, 5.3, '2024-10-14 08:18:03', '2024-10-14 08:18:03'),
(1838, 18, 4.8, '2024-10-14 08:18:07', '2024-10-14 08:18:07'),
(1839, 18, 4.9, '2024-10-14 08:18:11', '2024-10-14 08:18:11'),
(1840, 18, 4.8, '2024-10-14 08:18:14', '2024-10-14 08:18:14'),
(1841, 18, 4.6, '2024-10-14 08:18:18', '2024-10-14 08:18:18'),
(1842, 18, 4.8, '2024-10-14 08:18:22', '2024-10-14 08:18:22'),
(1843, 18, 4.6, '2024-10-14 08:18:26', '2024-10-14 08:18:26'),
(1844, 18, 5.5, '2024-10-14 08:18:30', '2024-10-14 08:18:30'),
(1845, 18, 4.7, '2024-10-14 08:18:34', '2024-10-14 08:18:34'),
(1846, 18, 4.6, '2024-10-14 08:18:37', '2024-10-14 08:18:37'),
(1847, 18, 5.0, '2024-10-14 08:18:41', '2024-10-14 08:18:41'),
(1848, 18, 5.2, '2024-10-14 08:18:44', '2024-10-14 08:18:44'),
(1849, 18, 4.6, '2024-10-14 08:18:48', '2024-10-14 08:18:48'),
(1850, 18, 5.1, '2024-10-14 08:18:52', '2024-10-14 08:18:52'),
(1851, 18, 4.8, '2024-10-14 08:18:56', '2024-10-14 08:18:56'),
(1852, 18, 5.7, '2024-10-14 08:19:01', '2024-10-14 08:19:01'),
(1853, 18, 5.0, '2024-10-14 08:19:05', '2024-10-14 08:19:05'),
(1854, 18, 4.4, '2024-10-14 08:19:08', '2024-10-14 08:19:08'),
(1855, 18, 4.8, '2024-10-14 08:19:12', '2024-10-14 08:19:12'),
(1856, 18, 5.1, '2024-10-14 08:19:16', '2024-10-14 08:19:16'),
(1857, 18, 4.7, '2024-10-14 08:19:20', '2024-10-14 08:19:20'),
(1858, 18, 4.3, '2024-10-14 08:19:24', '2024-10-14 08:19:24'),
(1859, 18, 4.6, '2024-10-14 08:19:28', '2024-10-14 08:19:28'),
(1860, 18, 5.2, '2024-10-14 08:19:31', '2024-10-14 08:19:31'),
(1861, 18, 4.2, '2024-10-14 08:19:35', '2024-10-14 08:19:35'),
(1862, 18, 6.6, '2024-10-14 08:19:39', '2024-10-14 08:19:39'),
(1863, 18, 0.6, '2024-10-14 08:26:20', '2024-10-14 08:26:20');

-- --------------------------------------------------------

--
-- Table structure for table `disk_infos`
--

CREATE TABLE `disk_infos` (
  `id` bigint(20) UNSIGNED NOT NULL,
  `device_id` varchar(255) DEFAULT NULL,
  `volume_label` varchar(255) DEFAULT NULL,
  `mountpoint` varchar(10) DEFAULT NULL,
  `total` varchar(20) DEFAULT NULL,
  `used` varchar(20) DEFAULT NULL,
  `free` varchar(20) DEFAULT NULL,
  `health` varchar(255) DEFAULT NULL,
  `temperature` varchar(20) DEFAULT NULL,
  `drive_type` varchar(255) DEFAULT NULL,
  `model` varchar(255) DEFAULT NULL,
  `serial_number` varchar(255) DEFAULT NULL,
  `ejected_on` datetime DEFAULT NULL,
  `status` varchar(255) DEFAULT NULL,
  `created_at` timestamp NULL DEFAULT NULL,
  `updated_at` timestamp NULL DEFAULT NULL
) ENGINE=InnoDB DEFAULT CHARSET=utf8mb4 COLLATE=utf8mb4_unicode_ci;

--
-- Dumping data for table `disk_infos`
--

INSERT INTO `disk_infos` (`id`, `device_id`, `volume_label`, `mountpoint`, `total`, `used`, `free`, `health`, `temperature`, `drive_type`, `model`, `serial_number`, `ejected_on`, `status`, `created_at`, `updated_at`) VALUES
(16, '1D6BA1C3-F233-DC2C-F6DC-5811224D4468', 'Primary Disk', 'C:', '237.61', '217.63', '19.98', 'Good', '44', 'Internal Drive', 'WDC WD10EZRX-00A8LB0', 'WD-WMC1U5073247', NULL, 'active', '2024-10-14 07:53:10', '2024-10-14 07:58:07'),
(17, '1D6BA1C3-F233-DC2C-F6DC-5811224D4468', 'Local Disk', 'D:', '931.51', '457.41', '474.1', 'Good', '35', 'Internal Drive', 'WDC PC SN530 SDBPNPZ-256G-1014', 'E823_8FA6_BF53_0001_001B_444A_461A_2FA9.', NULL, 'active', '2024-10-14 07:53:10', '2024-10-14 07:56:41'),
(18, '1D6BA1C3-F233-DC2C-F6DC-5811224D4468', 'Local Disk', 'E:', '953.85', '874.71', '79.14', 'Good', '40', 'Internal Drive', 'KINGSTON SNVS/1000G', '0000_0000_0000_0000_4868_3400_0000_0000.', NULL, 'active', '2024-10-14 07:53:10', '2024-10-14 07:53:10'),
(19, '1D6BA1C3-F233-DC2C-F6DC-5811224D4468', 'USB DRIVE', 'F:', '14.89', '6.37', '8.52', 'N/A', 'N/A', 'USB Drive', 'SanDisk Cruzer Blade USB Device', '04009426020523215021', NULL, 'active', '2024-10-14 07:55:29', '2024-10-14 07:55:29'),
(20, '70201510-DC41-2444-8C6D-E9144B921FDF', 'OS', 'C:', '453.62', '176.86', '276.76', 'Good', '39', 'Internal Drive', 'INTEL SSDPEKNU512GZ', '0000_0000_0100_0000_E4D2_5CD8_B8A9_5501.', NULL, 'active', '2024-10-14 08:15:21', '2024-10-14 08:26:21'),
(21, '70201510-DC41-2444-8C6D-E9144B921FDF', 'USB DRIVE', 'D:', '14.89', '6.41', '8.48', 'N/A', 'N/A', 'USB Drive', 'SanDisk Cruzer Blade USB Device', '04009426020523215021', NULL, 'active', '2024-10-14 08:15:21', '2024-10-14 08:26:21'),
(22, '70201510-DC41-2444-8C6D-E9144B921FDF', 'Unknown', 'D:', '14.89', '6.41', '8.48', 'Bad', 'N/A', 'Unknown', 'Unknown', 'Unknown', '2024-10-14 16:17:55', 'inactive', '2024-10-14 08:17:51', '2024-10-14 08:17:55');

-- --------------------------------------------------------

--
-- Table structure for table `failed_jobs`
--

CREATE TABLE `failed_jobs` (
  `id` bigint(20) UNSIGNED NOT NULL,
  `uuid` varchar(255) NOT NULL,
  `connection` text NOT NULL,
  `queue` text NOT NULL,
  `payload` longtext NOT NULL,
  `exception` longtext NOT NULL,
  `failed_at` timestamp NOT NULL DEFAULT current_timestamp()
) ENGINE=InnoDB DEFAULT CHARSET=utf8mb4 COLLATE=utf8mb4_unicode_ci;

-- --------------------------------------------------------

--
-- Table structure for table `gpu_infos`
--

CREATE TABLE `gpu_infos` (
  `id` bigint(20) UNSIGNED NOT NULL,
  `device_id` varchar(255) DEFAULT NULL,
  `brand` varchar(255) DEFAULT NULL,
  `temp` varchar(255) DEFAULT NULL,
  `usage` varchar(255) DEFAULT NULL,
  `power` varchar(50) DEFAULT NULL,
  `memory` varchar(255) DEFAULT NULL,
  `created_at` timestamp NULL DEFAULT NULL,
  `updated_at` timestamp NULL DEFAULT NULL
) ENGINE=InnoDB DEFAULT CHARSET=utf8mb4 COLLATE=utf8mb4_unicode_ci;

--
-- Dumping data for table `gpu_infos`
--

INSERT INTO `gpu_infos` (`id`, `device_id`, `brand`, `temp`, `usage`, `power`, `memory`, `created_at`, `updated_at`) VALUES
(11, '1D6BA1C3-F233-DC2C-F6DC-5811224D4468', 'AMD Radeon RX 6600 XT', '58.0', '0.0', '19', '8176', '2024-10-14 07:53:09', '2024-10-14 07:59:12'),
(12, '70201510-DC41-2444-8C6D-E9144B921FDF', 'NVIDIA NVIDIA GeForce RTX 3050 Laptop GPU', '45.0', '1.0', '16.479000091553', '4095', '2024-10-14 08:15:20', '2024-10-14 08:26:22');

-- --------------------------------------------------------

--
-- Table structure for table `gpu_temps`
--

CREATE TABLE `gpu_temps` (
  `id` bigint(20) UNSIGNED NOT NULL,
  `gpu_id` bigint(20) UNSIGNED DEFAULT NULL,
  `temp` decimal(10,1) NOT NULL,
  `created_at` timestamp NULL DEFAULT NULL,
  `updated_at` timestamp NULL DEFAULT NULL
) ENGINE=InnoDB DEFAULT CHARSET=utf8mb4 COLLATE=utf8mb4_unicode_ci;

--
-- Dumping data for table `gpu_temps`
--

INSERT INTO `gpu_temps` (`id`, `gpu_id`, `temp`, `created_at`, `updated_at`) VALUES
(1203, 11, 58.0, '2024-10-14 07:53:09', '2024-10-14 07:53:09'),
(1204, 11, 58.0, '2024-10-14 07:53:21', '2024-10-14 07:53:21'),
(1205, 11, 58.0, '2024-10-14 07:53:25', '2024-10-14 07:53:25'),
(1206, 11, 58.0, '2024-10-14 07:53:44', '2024-10-14 07:53:44'),
(1207, 11, 58.0, '2024-10-14 07:53:48', '2024-10-14 07:53:48'),
(1208, 11, 58.0, '2024-10-14 07:53:52', '2024-10-14 07:53:52'),
(1209, 11, 58.0, '2024-10-14 07:53:56', '2024-10-14 07:53:56'),
(1210, 11, 58.0, '2024-10-14 07:54:31', '2024-10-14 07:54:31'),
(1211, 11, 58.0, '2024-10-14 07:54:35', '2024-10-14 07:54:35'),
(1212, 11, 58.0, '2024-10-14 07:54:47', '2024-10-14 07:54:47'),
(1213, 11, 58.0, '2024-10-14 07:54:51', '2024-10-14 07:54:51'),
(1214, 11, 58.0, '2024-10-14 07:54:55', '2024-10-14 07:54:55'),
(1215, 11, 58.0, '2024-10-14 07:54:59', '2024-10-14 07:54:59'),
(1216, 11, 58.0, '2024-10-14 07:55:03', '2024-10-14 07:55:03'),
(1217, 11, 58.0, '2024-10-14 07:55:07', '2024-10-14 07:55:07'),
(1218, 11, 59.0, '2024-10-14 07:55:11', '2024-10-14 07:55:11'),
(1219, 11, 58.0, '2024-10-14 07:55:15', '2024-10-14 07:55:15'),
(1220, 11, 59.0, '2024-10-14 07:55:19', '2024-10-14 07:55:19'),
(1221, 11, 58.0, '2024-10-14 07:55:23', '2024-10-14 07:55:23'),
(1222, 11, 58.0, '2024-10-14 07:55:27', '2024-10-14 07:55:27'),
(1223, 11, 58.0, '2024-10-14 07:55:31', '2024-10-14 07:55:31'),
(1224, 11, 58.0, '2024-10-14 07:55:35', '2024-10-14 07:55:35'),
(1225, 11, 59.0, '2024-10-14 07:55:39', '2024-10-14 07:55:39'),
(1226, 11, 58.0, '2024-10-14 07:55:43', '2024-10-14 07:55:43'),
(1227, 11, 59.0, '2024-10-14 07:55:47', '2024-10-14 07:55:47'),
(1228, 11, 58.0, '2024-10-14 07:55:51', '2024-10-14 07:55:51'),
(1229, 11, 59.0, '2024-10-14 07:55:55', '2024-10-14 07:55:55'),
(1230, 11, 58.0, '2024-10-14 07:55:59', '2024-10-14 07:55:59'),
(1231, 11, 58.0, '2024-10-14 07:56:07', '2024-10-14 07:56:07'),
(1232, 11, 58.0, '2024-10-14 07:56:11', '2024-10-14 07:56:11'),
(1233, 11, 59.0, '2024-10-14 07:56:30', '2024-10-14 07:56:30'),
(1234, 11, 59.0, '2024-10-14 07:56:34', '2024-10-14 07:56:34'),
(1235, 11, 58.0, '2024-10-14 07:56:38', '2024-10-14 07:56:38'),
(1236, 11, 59.0, '2024-10-14 07:56:42', '2024-10-14 07:56:42'),
(1237, 11, 59.0, '2024-10-14 07:56:47', '2024-10-14 07:56:47'),
(1238, 11, 58.0, '2024-10-14 07:56:51', '2024-10-14 07:56:51'),
(1239, 11, 59.0, '2024-10-14 07:57:41', '2024-10-14 07:57:41'),
(1240, 11, 59.0, '2024-10-14 07:57:46', '2024-10-14 07:57:46'),
(1241, 11, 58.0, '2024-10-14 07:57:51', '2024-10-14 07:57:51'),
(1242, 11, 59.0, '2024-10-14 07:58:04', '2024-10-14 07:58:04'),
(1243, 11, 59.0, '2024-10-14 07:58:08', '2024-10-14 07:58:08'),
(1244, 11, 58.0, '2024-10-14 07:58:12', '2024-10-14 07:58:12'),
(1245, 11, 59.0, '2024-10-14 07:58:16', '2024-10-14 07:58:16'),
(1246, 11, 58.0, '2024-10-14 07:58:20', '2024-10-14 07:58:20'),
(1247, 11, 59.0, '2024-10-14 07:58:25', '2024-10-14 07:58:25'),
(1248, 11, 59.0, '2024-10-14 07:58:29', '2024-10-14 07:58:29'),
(1249, 11, 58.0, '2024-10-14 07:58:33', '2024-10-14 07:58:33'),
(1250, 11, 59.0, '2024-10-14 07:58:41', '2024-10-14 07:58:41'),
(1251, 11, 58.0, '2024-10-14 07:58:49', '2024-10-14 07:58:49'),
(1252, 11, 59.0, '2024-10-14 07:58:53', '2024-10-14 07:58:53'),
(1253, 11, 58.0, '2024-10-14 07:58:57', '2024-10-14 07:58:57'),
(1254, 11, 59.0, '2024-10-14 07:59:01', '2024-10-14 07:59:01'),
(1255, 11, 58.0, '2024-10-14 07:59:12', '2024-10-14 07:59:12'),
(1256, 12, 54.0, '2024-10-14 08:15:20', '2024-10-14 08:15:20'),
(1257, 12, 0.0, '2024-10-14 08:15:24', '2024-10-14 08:15:24'),
(1258, 12, 53.0, '2024-10-14 08:16:24', '2024-10-14 08:16:24'),
(1259, 12, 53.0, '2024-10-14 08:16:28', '2024-10-14 08:16:28'),
(1260, 12, 53.0, '2024-10-14 08:16:32', '2024-10-14 08:16:32'),
(1261, 12, 53.0, '2024-10-14 08:16:36', '2024-10-14 08:16:36'),
(1262, 12, 0.0, '2024-10-14 08:16:44', '2024-10-14 08:16:44'),
(1263, 12, 0.0, '2024-10-14 08:16:48', '2024-10-14 08:16:48'),
(1264, 12, 0.0, '2024-10-14 08:16:53', '2024-10-14 08:16:53'),
(1265, 12, 0.0, '2024-10-14 08:16:57', '2024-10-14 08:16:57'),
(1266, 12, 0.0, '2024-10-14 08:17:02', '2024-10-14 08:17:02'),
(1267, 12, 53.0, '2024-10-14 08:17:45', '2024-10-14 08:17:45'),
(1268, 12, 0.0, '2024-10-14 08:17:49', '2024-10-14 08:17:49'),
(1269, 12, 0.0, '2024-10-14 08:17:54', '2024-10-14 08:17:54'),
(1270, 12, 0.0, '2024-10-14 08:17:58', '2024-10-14 08:17:58'),
(1271, 12, 0.0, '2024-10-14 08:18:09', '2024-10-14 08:18:09'),
(1272, 12, 0.0, '2024-10-14 08:18:13', '2024-10-14 08:18:13'),
(1273, 12, 0.0, '2024-10-14 08:18:17', '2024-10-14 08:18:17'),
(1274, 12, 0.0, '2024-10-14 08:18:25', '2024-10-14 08:18:25'),
(1275, 12, 0.0, '2024-10-14 08:18:29', '2024-10-14 08:18:29'),
(1276, 12, 0.0, '2024-10-14 08:18:48', '2024-10-14 08:18:48'),
(1277, 12, 0.0, '2024-10-14 08:18:52', '2024-10-14 08:18:52'),
(1278, 12, 0.0, '2024-10-14 08:18:56', '2024-10-14 08:18:56'),
(1279, 12, 0.0, '2024-10-14 08:19:00', '2024-10-14 08:19:00'),
(1280, 12, 0.0, '2024-10-14 08:19:04', '2024-10-14 08:19:04'),
(1281, 12, 0.0, '2024-10-14 08:19:12', '2024-10-14 08:19:12'),
(1282, 12, 0.0, '2024-10-14 08:19:21', '2024-10-14 08:19:21'),
(1283, 12, 51.0, '2024-10-14 08:19:25', '2024-10-14 08:19:25'),
(1284, 12, 0.0, '2024-10-14 08:19:33', '2024-10-14 08:19:33'),
(1285, 12, 52.0, '2024-10-14 08:19:37', '2024-10-14 08:19:37'),
(1286, 12, 45.0, '2024-10-14 08:26:22', '2024-10-14 08:26:22');

-- --------------------------------------------------------

--
-- Table structure for table `gpu_usages`
--

CREATE TABLE `gpu_usages` (
  `id` bigint(20) UNSIGNED NOT NULL,
  `gpu_id` bigint(20) UNSIGNED DEFAULT NULL,
  `usage` decimal(10,1) NOT NULL,
  `created_at` timestamp NULL DEFAULT NULL,
  `updated_at` timestamp NULL DEFAULT NULL
) ENGINE=InnoDB DEFAULT CHARSET=utf8mb4 COLLATE=utf8mb4_unicode_ci;

--
-- Dumping data for table `gpu_usages`
--

INSERT INTO `gpu_usages` (`id`, `gpu_id`, `usage`, `created_at`, `updated_at`) VALUES
(1203, 11, 0.0, '2024-10-14 07:53:09', '2024-10-14 07:53:09'),
(1204, 11, 1.0, '2024-10-14 07:53:21', '2024-10-14 07:53:21'),
(1205, 11, 0.0, '2024-10-14 07:53:25', '2024-10-14 07:53:25'),
(1206, 11, 2.0, '2024-10-14 07:53:44', '2024-10-14 07:53:44'),
(1207, 11, 5.0, '2024-10-14 07:53:48', '2024-10-14 07:53:48'),
(1208, 11, 2.0, '2024-10-14 07:53:52', '2024-10-14 07:53:52'),
(1209, 11, 0.0, '2024-10-14 07:53:56', '2024-10-14 07:53:56'),
(1210, 11, 1.0, '2024-10-14 07:54:31', '2024-10-14 07:54:31'),
(1211, 11, 0.0, '2024-10-14 07:54:35', '2024-10-14 07:54:35'),
(1212, 11, 11.0, '2024-10-14 07:54:47', '2024-10-14 07:54:47'),
(1213, 11, 2.0, '2024-10-14 07:54:51', '2024-10-14 07:54:51'),
(1214, 11, 0.0, '2024-10-14 07:54:55', '2024-10-14 07:54:55'),
(1215, 11, 1.0, '2024-10-14 07:54:59', '2024-10-14 07:54:59'),
(1216, 11, 0.0, '2024-10-14 07:55:03', '2024-10-14 07:55:03'),
(1217, 11, 4.0, '2024-10-14 07:55:07', '2024-10-14 07:55:07'),
(1218, 11, 8.0, '2024-10-14 07:55:11', '2024-10-14 07:55:11'),
(1219, 11, 0.0, '2024-10-14 07:55:15', '2024-10-14 07:55:15'),
(1220, 11, 0.0, '2024-10-14 07:55:19', '2024-10-14 07:55:19'),
(1221, 11, 0.0, '2024-10-14 07:55:23', '2024-10-14 07:55:23'),
(1222, 11, 24.0, '2024-10-14 07:55:27', '2024-10-14 07:55:27'),
(1223, 11, 6.0, '2024-10-14 07:55:31', '2024-10-14 07:55:31'),
(1224, 11, 1.0, '2024-10-14 07:55:35', '2024-10-14 07:55:35'),
(1225, 11, 3.0, '2024-10-14 07:55:39', '2024-10-14 07:55:39'),
(1226, 11, 0.0, '2024-10-14 07:55:43', '2024-10-14 07:55:43'),
(1227, 11, 6.0, '2024-10-14 07:55:47', '2024-10-14 07:55:47'),
(1228, 11, 0.0, '2024-10-14 07:55:51', '2024-10-14 07:55:51'),
(1229, 11, 0.0, '2024-10-14 07:55:55', '2024-10-14 07:55:55'),
(1230, 11, 0.0, '2024-10-14 07:55:59', '2024-10-14 07:55:59'),
(1231, 11, 2.0, '2024-10-14 07:56:07', '2024-10-14 07:56:07'),
(1232, 11, 0.0, '2024-10-14 07:56:11', '2024-10-14 07:56:11'),
(1233, 11, 0.0, '2024-10-14 07:56:30', '2024-10-14 07:56:30'),
(1234, 11, 6.0, '2024-10-14 07:56:34', '2024-10-14 07:56:34'),
(1235, 11, 2.0, '2024-10-14 07:56:38', '2024-10-14 07:56:38'),
(1236, 11, 7.0, '2024-10-14 07:56:42', '2024-10-14 07:56:42'),
(1237, 11, 0.0, '2024-10-14 07:56:47', '2024-10-14 07:56:47'),
(1238, 11, 2.0, '2024-10-14 07:56:51', '2024-10-14 07:56:51'),
(1239, 11, 2.0, '2024-10-14 07:57:41', '2024-10-14 07:57:41'),
(1240, 11, 0.0, '2024-10-14 07:57:46', '2024-10-14 07:57:46'),
(1241, 11, 0.0, '2024-10-14 07:57:51', '2024-10-14 07:57:51'),
(1242, 11, 1.0, '2024-10-14 07:58:04', '2024-10-14 07:58:04'),
(1243, 11, 7.0, '2024-10-14 07:58:08', '2024-10-14 07:58:08'),
(1244, 11, 1.0, '2024-10-14 07:58:12', '2024-10-14 07:58:12'),
(1245, 11, 0.0, '2024-10-14 07:58:16', '2024-10-14 07:58:16'),
(1246, 11, 0.0, '2024-10-14 07:58:20', '2024-10-14 07:58:20'),
(1247, 11, 4.0, '2024-10-14 07:58:25', '2024-10-14 07:58:25'),
(1248, 11, 2.0, '2024-10-14 07:58:29', '2024-10-14 07:58:29'),
(1249, 11, 0.0, '2024-10-14 07:58:33', '2024-10-14 07:58:33'),
(1250, 11, 0.0, '2024-10-14 07:58:41', '2024-10-14 07:58:41'),
(1251, 11, 3.0, '2024-10-14 07:58:49', '2024-10-14 07:58:49'),
(1252, 11, 0.0, '2024-10-14 07:58:53', '2024-10-14 07:58:53'),
(1253, 11, 0.0, '2024-10-14 07:58:57', '2024-10-14 07:58:57'),
(1254, 11, 3.0, '2024-10-14 07:59:01', '2024-10-14 07:59:01'),
(1255, 11, 0.0, '2024-10-14 07:59:12', '2024-10-14 07:59:12'),
(1256, 12, 4.0, '2024-10-14 08:15:20', '2024-10-14 08:15:20'),
(1257, 12, 0.0, '2024-10-14 08:15:24', '2024-10-14 08:15:24'),
(1258, 12, 0.0, '2024-10-14 08:16:24', '2024-10-14 08:16:24'),
(1259, 12, 1.0, '2024-10-14 08:16:28', '2024-10-14 08:16:28'),
(1260, 12, 0.0, '2024-10-14 08:16:32', '2024-10-14 08:16:32'),
(1261, 12, 1.0, '2024-10-14 08:16:36', '2024-10-14 08:16:36'),
(1262, 12, 0.0, '2024-10-14 08:16:44', '2024-10-14 08:16:44'),
(1263, 12, 1.0, '2024-10-14 08:16:48', '2024-10-14 08:16:48'),
(1264, 12, 0.0, '2024-10-14 08:16:53', '2024-10-14 08:16:53'),
(1265, 12, 1.0, '2024-10-14 08:16:57', '2024-10-14 08:16:57'),
(1266, 12, 0.0, '2024-10-14 08:17:02', '2024-10-14 08:17:02'),
(1267, 12, 0.0, '2024-10-14 08:17:45', '2024-10-14 08:17:45'),
(1268, 12, 0.0, '2024-10-14 08:17:49', '2024-10-14 08:17:49'),
(1269, 12, 2.0, '2024-10-14 08:17:54', '2024-10-14 08:17:54'),
(1270, 12, 0.0, '2024-10-14 08:17:58', '2024-10-14 08:17:58'),
(1271, 12, 1.0, '2024-10-14 08:18:09', '2024-10-14 08:18:09'),
(1272, 12, 0.0, '2024-10-14 08:18:13', '2024-10-14 08:18:13'),
(1273, 12, 1.0, '2024-10-14 08:18:17', '2024-10-14 08:18:17'),
(1274, 12, 0.0, '2024-10-14 08:18:25', '2024-10-14 08:18:25'),
(1275, 12, 1.0, '2024-10-14 08:18:29', '2024-10-14 08:18:29'),
(1276, 12, 0.0, '2024-10-14 08:18:48', '2024-10-14 08:18:48'),
(1277, 12, 1.0, '2024-10-14 08:18:52', '2024-10-14 08:18:52'),
(1278, 12, 0.0, '2024-10-14 08:18:56', '2024-10-14 08:18:56'),
(1279, 12, 1.0, '2024-10-14 08:19:00', '2024-10-14 08:19:00'),
(1280, 12, 0.0, '2024-10-14 08:19:04', '2024-10-14 08:19:04'),
(1281, 12, 1.0, '2024-10-14 08:19:12', '2024-10-14 08:19:12'),
(1282, 12, 0.0, '2024-10-14 08:19:21', '2024-10-14 08:19:21'),
(1283, 12, 1.0, '2024-10-14 08:19:25', '2024-10-14 08:19:25'),
(1284, 12, 0.0, '2024-10-14 08:19:33', '2024-10-14 08:19:33'),
(1285, 12, 1.0, '2024-10-14 08:19:37', '2024-10-14 08:19:37'),
(1286, 12, 1.0, '2024-10-14 08:26:22', '2024-10-14 08:26:22');

-- --------------------------------------------------------

--
-- Table structure for table `input_devices`
--

CREATE TABLE `input_devices` (
  `id` bigint(20) UNSIGNED NOT NULL,
  `device_id` varchar(255) NOT NULL,
  `brand` varchar(255) DEFAULT NULL,
  `model` varchar(255) DEFAULT NULL,
  `serial_number` varchar(255) DEFAULT NULL,
  `manufacturer` varchar(255) DEFAULT NULL,
  `description` varchar(255) NOT NULL,
  `input_id` varchar(255) NOT NULL,
  `input_status` varchar(255) NOT NULL,
  `physical_status` varchar(255) DEFAULT 'Good',
  `note` varchar(255) DEFAULT NULL,
  `note_added` datetime DEFAULT NULL,
  `removed_on` datetime DEFAULT NULL,
  `creation_class_name` varchar(255) NOT NULL,
  `device_type` varchar(255) NOT NULL,
  `created_at` timestamp NULL DEFAULT NULL,
  `updated_at` timestamp NULL DEFAULT NULL
) ENGINE=InnoDB DEFAULT CHARSET=utf8mb4 COLLATE=utf8mb4_unicode_ci;

--
-- Dumping data for table `input_devices`
--

INSERT INTO `input_devices` (`id`, `device_id`, `brand`, `model`, `serial_number`, `manufacturer`, `description`, `input_id`, `input_status`, `physical_status`, `note`, `note_added`, `removed_on`, `creation_class_name`, `device_type`, `created_at`, `updated_at`) VALUES
(17, '1D6BA1C3-F233-DC2C-F6DC-5811224D4468', NULL, NULL, NULL, NULL, 'USB Input Device', 'USB\\VID_046D&PID_C336&MI_00\\7&273F96C5&0&0000', 'OK', 'Good', NULL, NULL, NULL, 'Win32_Keyboard', 'keyboard', '2024-10-14 07:53:09', '2024-10-14 07:53:09'),
(18, '1D6BA1C3-F233-DC2C-F6DC-5811224D4468', NULL, NULL, NULL, NULL, 'USB Input Device', 'USB\\VID_046D&PID_C084&MI_00\\7&9B2B434&0&0000', 'OK', 'Good', NULL, NULL, NULL, 'Win32_PointingDevice', 'pointing_device', '2024-10-14 07:53:09', '2024-10-14 07:53:09'),
(19, '1D6BA1C3-F233-DC2C-F6DC-5811224D4468', NULL, NULL, NULL, NULL, 'USB Input Device', 'USB\\VID_093A&PID_2521\\6&3AF0F9CE&0&11', 'OK', 'Good', NULL, NULL, '2024-10-14 15:56:17', 'Win32_PointingDevice', 'pointing_device', '2024-10-14 07:55:46', '2024-10-14 07:56:17'),
(20, '70201510-DC41-2444-8C6D-E9144B921FDF', NULL, NULL, NULL, NULL, 'HID-compliant mouse', 'HID\\ASUE120A&COL01\\4&2B4EF635&0&0000', 'OK', 'Good', NULL, NULL, NULL, 'Win32_PointingDevice', 'pointing_device', '2024-10-14 08:15:20', '2024-10-14 08:15:20');

-- --------------------------------------------------------

--
-- Table structure for table `jobs`
--

CREATE TABLE `jobs` (
  `id` bigint(20) UNSIGNED NOT NULL,
  `queue` varchar(255) NOT NULL,
  `payload` longtext NOT NULL,
  `attempts` tinyint(3) UNSIGNED NOT NULL,
  `reserved_at` int(10) UNSIGNED DEFAULT NULL,
  `available_at` int(10) UNSIGNED NOT NULL,
  `created_at` int(10) UNSIGNED NOT NULL
) ENGINE=InnoDB DEFAULT CHARSET=utf8mb4 COLLATE=utf8mb4_unicode_ci;

-- --------------------------------------------------------

--
-- Table structure for table `job_batches`
--

CREATE TABLE `job_batches` (
  `id` varchar(255) NOT NULL,
  `name` varchar(255) NOT NULL,
  `total_jobs` int(11) NOT NULL,
  `pending_jobs` int(11) NOT NULL,
  `failed_jobs` int(11) NOT NULL,
  `failed_job_ids` longtext NOT NULL,
  `options` mediumtext DEFAULT NULL,
  `cancelled_at` int(11) DEFAULT NULL,
  `created_at` int(11) NOT NULL,
  `finished_at` int(11) DEFAULT NULL
) ENGINE=InnoDB DEFAULT CHARSET=utf8mb4 COLLATE=utf8mb4_unicode_ci;

-- --------------------------------------------------------

--
-- Table structure for table `laboratories`
--

CREATE TABLE `laboratories` (
  `id` bigint(20) UNSIGNED NOT NULL,
  `laboratory_name` varchar(255) NOT NULL,
  `capacity` int(11) NOT NULL,
  `created_at` timestamp NULL DEFAULT NULL,
  `updated_at` timestamp NULL DEFAULT NULL
) ENGINE=InnoDB DEFAULT CHARSET=utf8mb4 COLLATE=utf8mb4_unicode_ci;

--
-- Dumping data for table `laboratories`
--

INSERT INTO `laboratories` (`id`, `laboratory_name`, `capacity`, `created_at`, `updated_at`) VALUES
(1, 'HF201', 40, '2024-09-24 06:44:49', '2024-09-24 06:44:49'),
(2, 'HF202', 47, '2024-09-24 06:45:53', '2024-09-24 06:45:53'),
(3, 'HF204', 40, '2024-10-14 07:49:04', '2024-10-14 07:49:04');

-- --------------------------------------------------------

--
-- Table structure for table `migrations`
--

CREATE TABLE `migrations` (
  `id` int(10) UNSIGNED NOT NULL,
  `migration` varchar(255) NOT NULL,
  `batch` int(11) NOT NULL
) ENGINE=InnoDB DEFAULT CHARSET=utf8mb4 COLLATE=utf8mb4_unicode_ci;

--
-- Dumping data for table `migrations`
--

INSERT INTO `migrations` (`id`, `migration`, `batch`) VALUES
(1, '0001_01_01_000000_create_users_table', 1),
(2, '0001_01_01_000001_create_cache_table', 1),
(3, '0001_01_01_000002_create_jobs_table', 1),
(4, '2024_09_18_133727_create_personal_access_tokens_table', 1),
(5, '2024_09_22_214919_create_laboratories_table', 1),
(6, '2024_09_22_221441_add_laboratory_id_to_users_table', 1),
(7, '2024_09_23_220504_create_computer_devices_table', 1),
(8, '2024_09_24_140725_create_cpu_infos_table', 1),
(9, '2024_09_24_140728_create_cpu_temps_table', 1),
(10, '2024_09_24_140750_create_cpu_utilizations_table', 1),
(11, '2024_09_25_001117_create_ram_infos_table', 2),
(12, '2024_09_25_001608_create_ram_usages_table', 2),
(13, '2024_09_25_144923_create_gpu_infos_table', 3),
(14, '2024_09_25_145011_create_gpu_usages_table', 3),
(15, '2024_09_25_145014_create_gpu_temps_table', 3),
(20, '2024_09_25_165337_create_disk_infos_table', 4),
(22, '2024_09_26_155342_create_input_devices_table', 5),
(23, '2024_09_27_160516_create_trend_logs_table', 6);

-- --------------------------------------------------------

--
-- Table structure for table `password_reset_tokens`
--

CREATE TABLE `password_reset_tokens` (
  `email` varchar(255) NOT NULL,
  `token` varchar(255) NOT NULL,
  `created_at` timestamp NULL DEFAULT NULL
) ENGINE=InnoDB DEFAULT CHARSET=utf8mb4 COLLATE=utf8mb4_unicode_ci;

-- --------------------------------------------------------

--
-- Table structure for table `personal_access_tokens`
--

CREATE TABLE `personal_access_tokens` (
  `id` bigint(20) UNSIGNED NOT NULL,
  `tokenable_type` varchar(255) NOT NULL,
  `tokenable_id` bigint(20) UNSIGNED NOT NULL,
  `name` varchar(255) NOT NULL,
  `token` varchar(64) NOT NULL,
  `abilities` text DEFAULT NULL,
  `last_used_at` timestamp NULL DEFAULT NULL,
  `expires_at` timestamp NULL DEFAULT NULL,
  `created_at` timestamp NULL DEFAULT NULL,
  `updated_at` timestamp NULL DEFAULT NULL
) ENGINE=InnoDB DEFAULT CHARSET=utf8mb4 COLLATE=utf8mb4_unicode_ci;

-- --------------------------------------------------------

--
-- Table structure for table `ram_infos`
--

CREATE TABLE `ram_infos` (
  `id` bigint(20) UNSIGNED NOT NULL,
  `device_id` varchar(255) DEFAULT NULL,
  `total_ram` varchar(255) DEFAULT NULL,
  `used` varchar(255) DEFAULT NULL,
  `available` varchar(255) DEFAULT NULL,
  `speed` varchar(255) DEFAULT NULL,
  `created_at` timestamp NULL DEFAULT NULL,
  `updated_at` timestamp NULL DEFAULT NULL
) ENGINE=InnoDB DEFAULT CHARSET=utf8mb4 COLLATE=utf8mb4_unicode_ci;

--
-- Dumping data for table `ram_infos`
--

INSERT INTO `ram_infos` (`id`, `device_id`, `total_ram`, `used`, `available`, `speed`, `created_at`, `updated_at`) VALUES
(9, '1D6BA1C3-F233-DC2C-F6DC-5811224D4468', '15.90', '11.85', '4.05', '2400', '2024-10-14 07:53:08', '2024-10-14 07:58:59'),
(10, '70201510-DC41-2444-8C6D-E9144B921FDF', '7.42', '5.55', '1.87', '3200', '2024-10-14 08:15:19', '2024-10-14 08:26:23');

-- --------------------------------------------------------

--
-- Table structure for table `ram_usages`
--

CREATE TABLE `ram_usages` (
  `id` bigint(20) UNSIGNED NOT NULL,
  `ram_id` bigint(20) UNSIGNED DEFAULT NULL,
  `usage` decimal(10,1) NOT NULL,
  `created_at` timestamp NULL DEFAULT NULL,
  `updated_at` timestamp NULL DEFAULT NULL
) ENGINE=InnoDB DEFAULT CHARSET=utf8mb4 COLLATE=utf8mb4_unicode_ci;

--
-- Dumping data for table `ram_usages`
--

INSERT INTO `ram_usages` (`id`, `ram_id`, `usage`, `created_at`, `updated_at`) VALUES
(1831, 9, 72.7, '2024-10-14 07:53:08', '2024-10-14 07:53:08'),
(1832, 9, 73.1, '2024-10-14 07:53:12', '2024-10-14 07:53:12'),
(1833, 9, 73.0, '2024-10-14 07:53:19', '2024-10-14 07:53:19'),
(1834, 9, 73.1, '2024-10-14 07:53:23', '2024-10-14 07:53:23'),
(1835, 9, 73.2, '2024-10-14 07:53:27', '2024-10-14 07:53:27'),
(1836, 9, 73.5, '2024-10-14 07:53:42', '2024-10-14 07:53:42'),
(1837, 9, 73.6, '2024-10-14 07:53:46', '2024-10-14 07:53:46'),
(1838, 9, 73.7, '2024-10-14 07:53:50', '2024-10-14 07:53:50'),
(1839, 9, 73.8, '2024-10-14 07:53:57', '2024-10-14 07:53:57'),
(1840, 9, 72.9, '2024-10-14 07:54:26', '2024-10-14 07:54:26'),
(1841, 9, 73.5, '2024-10-14 07:54:30', '2024-10-14 07:54:30'),
(1842, 9, 74.8, '2024-10-14 07:54:34', '2024-10-14 07:54:34'),
(1843, 9, 74.7, '2024-10-14 07:54:38', '2024-10-14 07:54:38'),
(1844, 9, 74.6, '2024-10-14 07:54:41', '2024-10-14 07:54:41'),
(1845, 9, 74.7, '2024-10-14 07:54:45', '2024-10-14 07:54:45'),
(1846, 9, 75.0, '2024-10-14 07:54:49', '2024-10-14 07:54:49'),
(1847, 9, 74.4, '2024-10-14 07:54:53', '2024-10-14 07:54:53'),
(1848, 9, 74.5, '2024-10-14 07:55:01', '2024-10-14 07:55:01'),
(1849, 9, 74.6, '2024-10-14 07:55:05', '2024-10-14 07:55:05'),
(1850, 9, 74.8, '2024-10-14 07:55:10', '2024-10-14 07:55:10'),
(1851, 9, 73.6, '2024-10-14 07:55:14', '2024-10-14 07:55:14'),
(1852, 9, 73.5, '2024-10-14 07:55:21', '2024-10-14 07:55:21'),
(1853, 9, 73.6, '2024-10-14 07:55:25', '2024-10-14 07:55:25'),
(1854, 9, 74.8, '2024-10-14 07:55:29', '2024-10-14 07:55:29'),
(1855, 9, 74.6, '2024-10-14 07:55:33', '2024-10-14 07:55:33'),
(1856, 9, 74.4, '2024-10-14 07:55:37', '2024-10-14 07:55:37'),
(1857, 9, 74.0, '2024-10-14 07:55:45', '2024-10-14 07:55:45'),
(1858, 9, 74.4, '2024-10-14 07:55:49', '2024-10-14 07:55:49'),
(1859, 9, 74.5, '2024-10-14 07:56:01', '2024-10-14 07:56:01'),
(1860, 9, 74.0, '2024-10-14 07:56:05', '2024-10-14 07:56:05'),
(1861, 9, 74.3, '2024-10-14 07:56:13', '2024-10-14 07:56:13'),
(1862, 9, 74.9, '2024-10-14 07:56:17', '2024-10-14 07:56:17'),
(1863, 9, 74.7, '2024-10-14 07:56:24', '2024-10-14 07:56:24'),
(1864, 9, 74.5, '2024-10-14 07:56:28', '2024-10-14 07:56:28'),
(1865, 9, 74.6, '2024-10-14 07:56:37', '2024-10-14 07:56:37'),
(1866, 9, 74.5, '2024-10-14 07:56:40', '2024-10-14 07:56:40'),
(1867, 9, 74.6, '2024-10-14 07:56:44', '2024-10-14 07:56:44'),
(1868, 9, 74.5, '2024-10-14 07:56:48', '2024-10-14 07:56:48'),
(1869, 9, 74.6, '2024-10-14 07:56:53', '2024-10-14 07:56:53'),
(1870, 9, 74.0, '2024-10-14 07:57:35', '2024-10-14 07:57:35'),
(1871, 9, 74.5, '2024-10-14 07:57:40', '2024-10-14 07:57:40'),
(1872, 9, 74.6, '2024-10-14 07:57:44', '2024-10-14 07:57:44'),
(1873, 9, 74.8, '2024-10-14 07:57:53', '2024-10-14 07:57:53'),
(1874, 9, 74.7, '2024-10-14 07:57:57', '2024-10-14 07:57:57'),
(1875, 9, 74.3, '2024-10-14 07:58:00', '2024-10-14 07:58:00'),
(1876, 9, 74.6, '2024-10-14 07:58:05', '2024-10-14 07:58:05'),
(1877, 9, 74.5, '2024-10-14 07:58:10', '2024-10-14 07:58:10'),
(1878, 9, 74.7, '2024-10-14 07:58:14', '2024-10-14 07:58:14'),
(1879, 9, 74.6, '2024-10-14 07:58:18', '2024-10-14 07:58:18'),
(1880, 9, 74.5, '2024-10-14 07:58:22', '2024-10-14 07:58:22'),
(1881, 9, 74.6, '2024-10-14 07:58:27', '2024-10-14 07:58:27'),
(1882, 9, 74.5, '2024-10-14 07:58:35', '2024-10-14 07:58:35'),
(1883, 9, 74.6, '2024-10-14 07:58:39', '2024-10-14 07:58:39'),
(1884, 9, 74.5, '2024-10-14 07:58:43', '2024-10-14 07:58:43'),
(1885, 9, 74.4, '2024-10-14 07:58:47', '2024-10-14 07:58:47'),
(1886, 9, 74.6, '2024-10-14 07:58:51', '2024-10-14 07:58:51'),
(1887, 9, 74.5, '2024-10-14 07:58:55', '2024-10-14 07:58:55'),
(1888, 10, 76.1, '2024-10-14 08:15:19', '2024-10-14 08:15:19'),
(1889, 10, 82.8, '2024-10-14 08:15:23', '2024-10-14 08:15:23'),
(1890, 10, 82.9, '2024-10-14 08:15:27', '2024-10-14 08:15:27'),
(1891, 10, 82.6, '2024-10-14 08:15:35', '2024-10-14 08:15:35'),
(1892, 10, 82.5, '2024-10-14 08:15:39', '2024-10-14 08:15:39'),
(1893, 10, 82.6, '2024-10-14 08:15:43', '2024-10-14 08:15:43'),
(1894, 10, 82.5, '2024-10-14 08:15:59', '2024-10-14 08:15:59'),
(1895, 10, 82.1, '2024-10-14 08:16:07', '2024-10-14 08:16:07'),
(1896, 10, 81.8, '2024-10-14 08:16:15', '2024-10-14 08:16:15'),
(1897, 10, 81.9, '2024-10-14 08:16:23', '2024-10-14 08:16:23'),
(1898, 10, 82.0, '2024-10-14 08:16:27', '2024-10-14 08:16:27'),
(1899, 10, 81.9, '2024-10-14 08:16:31', '2024-10-14 08:16:31'),
(1900, 10, 81.8, '2024-10-14 08:16:35', '2024-10-14 08:16:35'),
(1901, 10, 81.9, '2024-10-14 08:16:39', '2024-10-14 08:16:39'),
(1902, 10, 81.8, '2024-10-14 08:16:47', '2024-10-14 08:16:47'),
(1903, 10, 81.6, '2024-10-14 08:17:00', '2024-10-14 08:17:00'),
(1904, 10, 81.7, '2024-10-14 08:17:08', '2024-10-14 08:17:08'),
(1905, 10, 81.6, '2024-10-14 08:17:25', '2024-10-14 08:17:25'),
(1906, 10, 81.5, '2024-10-14 08:17:29', '2024-10-14 08:17:29'),
(1907, 10, 81.4, '2024-10-14 08:17:44', '2024-10-14 08:17:44'),
(1908, 10, 81.9, '2024-10-14 08:17:52', '2024-10-14 08:17:52'),
(1909, 10, 81.8, '2024-10-14 08:17:56', '2024-10-14 08:17:56'),
(1910, 10, 81.7, '2024-10-14 08:18:00', '2024-10-14 08:18:00'),
(1911, 10, 81.4, '2024-10-14 08:18:22', '2024-10-14 08:18:22'),
(1912, 10, 81.3, '2024-10-14 08:18:31', '2024-10-14 08:18:31'),
(1913, 10, 81.1, '2024-10-14 08:18:46', '2024-10-14 08:18:46'),
(1914, 10, 81.3, '2024-10-14 08:18:53', '2024-10-14 08:18:53'),
(1915, 10, 81.1, '2024-10-14 08:18:57', '2024-10-14 08:18:57'),
(1916, 10, 81.0, '2024-10-14 08:19:06', '2024-10-14 08:19:06'),
(1917, 10, 81.1, '2024-10-14 08:19:17', '2024-10-14 08:19:17'),
(1918, 10, 81.8, '2024-10-14 08:19:21', '2024-10-14 08:19:21'),
(1919, 10, 83.4, '2024-10-14 08:19:25', '2024-10-14 08:19:25'),
(1920, 10, 84.2, '2024-10-14 08:19:29', '2024-10-14 08:19:29'),
(1921, 10, 83.8, '2024-10-14 08:19:33', '2024-10-14 08:19:33'),
(1922, 10, 83.2, '2024-10-14 08:19:37', '2024-10-14 08:19:37'),
(1923, 10, 73.3, '2024-10-14 08:26:20', '2024-10-14 08:26:20'),
(1924, 10, 74.9, '2024-10-14 08:26:23', '2024-10-14 08:26:23');

-- --------------------------------------------------------

--
-- Table structure for table `sessions`
--

CREATE TABLE `sessions` (
  `id` varchar(255) NOT NULL,
  `user_id` bigint(20) UNSIGNED DEFAULT NULL,
  `ip_address` varchar(45) DEFAULT NULL,
  `user_agent` text DEFAULT NULL,
  `devicefamily` varchar(100) DEFAULT NULL,
  `devicemodel` varchar(100) DEFAULT NULL,
  `platformname` varchar(100) DEFAULT NULL,
  `browsername` varchar(100) DEFAULT NULL,
  `payload` longtext NOT NULL,
  `last_activity` int(11) NOT NULL
) ENGINE=InnoDB DEFAULT CHARSET=utf8mb4 COLLATE=utf8mb4_unicode_ci;

--
-- Dumping data for table `sessions`
--

INSERT INTO `sessions` (`id`, `user_id`, `ip_address`, `user_agent`, `devicefamily`, `devicemodel`, `platformname`, `browsername`, `payload`, `last_activity`) VALUES
('QpIjJiRu7X1eUwVFaTvBHF4tUAN30ol8YJxGitIm', 1, '192.168.1.200', 'Mozilla/5.0 (Windows NT 10.0; Win64; x64) AppleWebKit/537.36 (KHTML, like Gecko) Chrome/129.0.0.0 Safari/537.36 Edg/129.0.0.0', 'Unknown', '', 'Windows 10', 'Microsoft Edge 129', 'YTo0OntzOjY6Il90b2tlbiI7czo0MDoiWjVSR2tqZG93NmVkckxBaXhIa2E5d1ZsUVF6MG5nQWhlOHoxdmFPQiI7czo2OiJfZmxhc2giO2E6Mjp7czozOiJvbGQiO2E6MDp7fXM6MzoibmV3IjthOjA6e319czo5OiJfcHJldmlvdXMiO2E6MTp7czozOiJ1cmwiO3M6NzQ6Imh0dHA6Ly8xOTIuMTY4LjEuMjAwOjgwMDAvZGV2aWNlZ3JhcGgvMUQ2QkExQzMtRjIzMy1EQzJDLUY2REMtNTgxMTIyNEQ0NDY4Ijt9czo1MDoibG9naW5fd2ViXzU5YmEzNmFkZGMyYjJmOTQwMTU4MGYwMTRjN2Y1OGVhNGUzMDk4OWQiO2k6MTt9', 1728894723);

-- --------------------------------------------------------

--
-- Table structure for table `trend_logs`
--

CREATE TABLE `trend_logs` (
  `id` bigint(20) UNSIGNED NOT NULL,
  `device_id` varchar(255) NOT NULL,
  `type` varchar(255) NOT NULL,
  `component` varchar(255) NOT NULL,
  `start_datetime` datetime DEFAULT NULL,
  `end_datetime` datetime DEFAULT NULL,
  `description` varchar(255) NOT NULL,
  `created_at` timestamp NULL DEFAULT NULL,
  `updated_at` timestamp NULL DEFAULT NULL
) ENGINE=InnoDB DEFAULT CHARSET=utf8mb4 COLLATE=utf8mb4_unicode_ci;

-- --------------------------------------------------------

--
-- Table structure for table `users`
--

CREATE TABLE `users` (
  `id` bigint(20) UNSIGNED NOT NULL,
  `fname` varchar(255) NOT NULL,
  `midname` varchar(255) DEFAULT NULL,
  `lname` varchar(255) NOT NULL,
  `username` varchar(255) NOT NULL,
  `phone` varchar(255) DEFAULT NULL,
  `address` varchar(255) DEFAULT NULL,
  `email` varchar(255) NOT NULL,
  `role` enum('incharge','assistant') NOT NULL DEFAULT 'assistant',
  `email_verified_at` timestamp NULL DEFAULT NULL,
  `password` varchar(255) DEFAULT NULL,
  `profileimg` varchar(255) DEFAULT NULL,
  `motto` varchar(255) DEFAULT NULL,
  `last_login` timestamp NULL DEFAULT NULL,
  `remember_token` varchar(100) DEFAULT NULL,
  `created_at` timestamp NULL DEFAULT NULL,
  `updated_at` timestamp NULL DEFAULT NULL,
  `laboratory_id` bigint(20) UNSIGNED DEFAULT NULL
) ENGINE=InnoDB DEFAULT CHARSET=utf8mb4 COLLATE=utf8mb4_unicode_ci;

--
-- Dumping data for table `users`
--

INSERT INTO `users` (`id`, `fname`, `midname`, `lname`, `username`, `phone`, `address`, `email`, `role`, `email_verified_at`, `password`, `profileimg`, `motto`, `last_login`, `remember_token`, `created_at`, `updated_at`, `laboratory_id`) VALUES
(1, 'Cenas', '', 'Jansen', 'floryan', NULL, NULL, 'cenass@gmail.com', 'incharge', '2024-10-14 08:31:14', '$2y$12$LWNlfw3zq9dvrDbfuaMiD.PuPeFPX3NY3.SUC.9wSgG8xvAraB/di', NULL, '', '2024-10-14 08:29:40', 'ZWo5cyZCNl9sTUmt67t8fNvmVDAFb7t6bLIZQkV8JFtYQq5twSXVSy5BQzaR', '2024-09-24 06:43:16', '2024-10-14 08:31:49', NULL),
(2, 'Aladdin', NULL, 'Hobbs', 'user1', NULL, NULL, 'rocu@gmail.com', 'assistant', '2024-10-14 08:21:33', '$2y$12$oWDx4qt7WpZkDgR1kNcEz./FjXZDsHi5065bFidUiv4Mjzz5gZnti', NULL, NULL, '2024-10-14 08:20:53', NULL, '2024-09-24 06:44:13', '2024-10-14 08:21:14', 1),
(3, 'Prescott', NULL, 'Bradshaw', 'user8', NULL, NULL, 'wixacowu@gmail.com', 'assistant', '2024-10-13 08:21:43', '$2y$12$udXK1.K.pdoMRTcmmSOGWOuOPbDc3VzPtJfcrVpH5UgxggzeJnGIm', NULL, NULL, NULL, NULL, '2024-09-24 06:44:17', '2024-09-24 06:44:49', 1),
(4, 'Yetta', NULL, 'Zamora', 'user4', NULL, NULL, 'todekoze@gmail.com', 'assistant', NULL, '$2y$12$pIsUc8KqFDCKJ11d/dXbFONWtMyas941cc.N2cZLppPWx6BZafRrO', NULL, NULL, NULL, NULL, '2024-09-24 06:44:21', '2024-09-24 06:45:53', 2),
(5, 'Talon', NULL, 'Cherry', 'user88', NULL, NULL, 'riqamevojo@gmail.com', 'assistant', NULL, '$2y$12$TqAow1Wqk2iNcfckPqZZieXryh4jtDAtWTFfGiPkoozpK.bDXbe9S', NULL, NULL, NULL, NULL, '2024-09-24 06:44:27', '2024-10-14 07:49:04', 3),
(6, 'Isadora', NULL, 'Thompson', 'user3', NULL, NULL, 'wise@gmail.com', 'assistant', NULL, '$2y$12$huM8j3.srnRjB.3Q7oJQjezDfrJtPX.vOfuoCHcqzwSpbfSvfp5B6', NULL, NULL, NULL, NULL, '2024-09-24 06:44:30', '2024-09-24 06:44:30', NULL);

--
-- Indexes for dumped tables
--

--
-- Indexes for table `cache`
--
ALTER TABLE `cache`
  ADD PRIMARY KEY (`key`);

--
-- Indexes for table `cache_locks`
--
ALTER TABLE `cache_locks`
  ADD PRIMARY KEY (`key`);

--
-- Indexes for table `computer_devices`
--
ALTER TABLE `computer_devices`
  ADD PRIMARY KEY (`id`),
  ADD KEY `computer_devices_laboratory_id_foreign` (`laboratory_id`);

--
-- Indexes for table `cpu_infos`
--
ALTER TABLE `cpu_infos`
  ADD PRIMARY KEY (`id`),
  ADD KEY `cpu_infos_device_id_foreign` (`device_id`);

--
-- Indexes for table `cpu_temps`
--
ALTER TABLE `cpu_temps`
  ADD PRIMARY KEY (`id`),
  ADD KEY `cpu_temps_cpu_id_foreign` (`cpu_id`);

--
-- Indexes for table `cpu_utilizations`
--
ALTER TABLE `cpu_utilizations`
  ADD PRIMARY KEY (`id`),
  ADD KEY `cpu_utilizations_cpu_id_foreign` (`cpu_id`);

--
-- Indexes for table `disk_infos`
--
ALTER TABLE `disk_infos`
  ADD PRIMARY KEY (`id`),
  ADD KEY `disk_infos_device_id_foreign` (`device_id`);

--
-- Indexes for table `failed_jobs`
--
ALTER TABLE `failed_jobs`
  ADD PRIMARY KEY (`id`),
  ADD UNIQUE KEY `failed_jobs_uuid_unique` (`uuid`);

--
-- Indexes for table `gpu_infos`
--
ALTER TABLE `gpu_infos`
  ADD PRIMARY KEY (`id`),
  ADD KEY `gpu_infos_device_id_foreign` (`device_id`);

--
-- Indexes for table `gpu_temps`
--
ALTER TABLE `gpu_temps`
  ADD PRIMARY KEY (`id`),
  ADD KEY `gpu_temps_gpu_id_foreign` (`gpu_id`);

--
-- Indexes for table `gpu_usages`
--
ALTER TABLE `gpu_usages`
  ADD PRIMARY KEY (`id`),
  ADD KEY `gpu_usages_gpu_id_foreign` (`gpu_id`);

--
-- Indexes for table `input_devices`
--
ALTER TABLE `input_devices`
  ADD PRIMARY KEY (`id`),
  ADD KEY `input_devices_device_id_foreign` (`device_id`);

--
-- Indexes for table `jobs`
--
ALTER TABLE `jobs`
  ADD PRIMARY KEY (`id`),
  ADD KEY `jobs_queue_index` (`queue`);

--
-- Indexes for table `job_batches`
--
ALTER TABLE `job_batches`
  ADD PRIMARY KEY (`id`);

--
-- Indexes for table `laboratories`
--
ALTER TABLE `laboratories`
  ADD PRIMARY KEY (`id`);

--
-- Indexes for table `migrations`
--
ALTER TABLE `migrations`
  ADD PRIMARY KEY (`id`);

--
-- Indexes for table `password_reset_tokens`
--
ALTER TABLE `password_reset_tokens`
  ADD PRIMARY KEY (`email`);

--
-- Indexes for table `personal_access_tokens`
--
ALTER TABLE `personal_access_tokens`
  ADD PRIMARY KEY (`id`),
  ADD UNIQUE KEY `personal_access_tokens_token_unique` (`token`),
  ADD KEY `personal_access_tokens_tokenable_type_tokenable_id_index` (`tokenable_type`,`tokenable_id`);

--
-- Indexes for table `ram_infos`
--
ALTER TABLE `ram_infos`
  ADD PRIMARY KEY (`id`),
  ADD KEY `ram_infos_device_id_foreign` (`device_id`);

--
-- Indexes for table `ram_usages`
--
ALTER TABLE `ram_usages`
  ADD PRIMARY KEY (`id`),
  ADD KEY `ram_usages_ram_id_foreign` (`ram_id`);

--
-- Indexes for table `sessions`
--
ALTER TABLE `sessions`
  ADD PRIMARY KEY (`id`),
  ADD KEY `sessions_user_id_index` (`user_id`),
  ADD KEY `sessions_last_activity_index` (`last_activity`);

--
-- Indexes for table `trend_logs`
--
ALTER TABLE `trend_logs`
  ADD PRIMARY KEY (`id`),
  ADD KEY `trend_logs_device_id_foreign` (`device_id`);

--
-- Indexes for table `users`
--
ALTER TABLE `users`
  ADD PRIMARY KEY (`id`),
  ADD UNIQUE KEY `users_username_unique` (`username`),
  ADD UNIQUE KEY `users_email_unique` (`email`),
  ADD KEY `users_laboratory_id_foreign` (`laboratory_id`);

--
-- AUTO_INCREMENT for dumped tables
--

--
-- AUTO_INCREMENT for table `cpu_infos`
--
ALTER TABLE `cpu_infos`
  MODIFY `id` bigint(20) UNSIGNED NOT NULL AUTO_INCREMENT, AUTO_INCREMENT=19;

--
-- AUTO_INCREMENT for table `cpu_temps`
--
ALTER TABLE `cpu_temps`
  MODIFY `id` bigint(20) UNSIGNED NOT NULL AUTO_INCREMENT, AUTO_INCREMENT=1864;

--
-- AUTO_INCREMENT for table `cpu_utilizations`
--
ALTER TABLE `cpu_utilizations`
  MODIFY `id` bigint(20) UNSIGNED NOT NULL AUTO_INCREMENT, AUTO_INCREMENT=1864;

--
-- AUTO_INCREMENT for table `disk_infos`
--
ALTER TABLE `disk_infos`
  MODIFY `id` bigint(20) UNSIGNED NOT NULL AUTO_INCREMENT, AUTO_INCREMENT=23;

--
-- AUTO_INCREMENT for table `failed_jobs`
--
ALTER TABLE `failed_jobs`
  MODIFY `id` bigint(20) UNSIGNED NOT NULL AUTO_INCREMENT;

--
-- AUTO_INCREMENT for table `gpu_infos`
--
ALTER TABLE `gpu_infos`
  MODIFY `id` bigint(20) UNSIGNED NOT NULL AUTO_INCREMENT, AUTO_INCREMENT=13;

--
-- AUTO_INCREMENT for table `gpu_temps`
--
ALTER TABLE `gpu_temps`
  MODIFY `id` bigint(20) UNSIGNED NOT NULL AUTO_INCREMENT, AUTO_INCREMENT=1287;

--
-- AUTO_INCREMENT for table `gpu_usages`
--
ALTER TABLE `gpu_usages`
  MODIFY `id` bigint(20) UNSIGNED NOT NULL AUTO_INCREMENT, AUTO_INCREMENT=1287;

--
-- AUTO_INCREMENT for table `input_devices`
--
ALTER TABLE `input_devices`
  MODIFY `id` bigint(20) UNSIGNED NOT NULL AUTO_INCREMENT, AUTO_INCREMENT=21;

--
-- AUTO_INCREMENT for table `jobs`
--
ALTER TABLE `jobs`
  MODIFY `id` bigint(20) UNSIGNED NOT NULL AUTO_INCREMENT;

--
-- AUTO_INCREMENT for table `laboratories`
--
ALTER TABLE `laboratories`
  MODIFY `id` bigint(20) UNSIGNED NOT NULL AUTO_INCREMENT, AUTO_INCREMENT=4;

--
-- AUTO_INCREMENT for table `migrations`
--
ALTER TABLE `migrations`
  MODIFY `id` int(10) UNSIGNED NOT NULL AUTO_INCREMENT, AUTO_INCREMENT=24;

--
-- AUTO_INCREMENT for table `personal_access_tokens`
--
ALTER TABLE `personal_access_tokens`
  MODIFY `id` bigint(20) UNSIGNED NOT NULL AUTO_INCREMENT;

--
-- AUTO_INCREMENT for table `ram_infos`
--
ALTER TABLE `ram_infos`
  MODIFY `id` bigint(20) UNSIGNED NOT NULL AUTO_INCREMENT, AUTO_INCREMENT=11;

--
-- AUTO_INCREMENT for table `ram_usages`
--
ALTER TABLE `ram_usages`
  MODIFY `id` bigint(20) UNSIGNED NOT NULL AUTO_INCREMENT, AUTO_INCREMENT=1925;

--
-- AUTO_INCREMENT for table `trend_logs`
--
ALTER TABLE `trend_logs`
  MODIFY `id` bigint(20) UNSIGNED NOT NULL AUTO_INCREMENT, AUTO_INCREMENT=48;

--
-- AUTO_INCREMENT for table `users`
--
ALTER TABLE `users`
  MODIFY `id` bigint(20) UNSIGNED NOT NULL AUTO_INCREMENT, AUTO_INCREMENT=7;

--
-- Constraints for dumped tables
--

--
-- Constraints for table `computer_devices`
--
ALTER TABLE `computer_devices`
  ADD CONSTRAINT `computer_devices_laboratory_id_foreign` FOREIGN KEY (`laboratory_id`) REFERENCES `laboratories` (`id`) ON DELETE SET NULL;

--
-- Constraints for table `cpu_infos`
--
ALTER TABLE `cpu_infos`
  ADD CONSTRAINT `cpu_infos_device_id_foreign` FOREIGN KEY (`device_id`) REFERENCES `computer_devices` (`id`) ON DELETE CASCADE;

--
-- Constraints for table `cpu_temps`
--
ALTER TABLE `cpu_temps`
  ADD CONSTRAINT `cpu_temps_cpu_id_foreign` FOREIGN KEY (`cpu_id`) REFERENCES `cpu_infos` (`id`) ON DELETE CASCADE;

--
-- Constraints for table `cpu_utilizations`
--
ALTER TABLE `cpu_utilizations`
  ADD CONSTRAINT `cpu_utilizations_cpu_id_foreign` FOREIGN KEY (`cpu_id`) REFERENCES `cpu_infos` (`id`) ON DELETE CASCADE;

--
-- Constraints for table `disk_infos`
--
ALTER TABLE `disk_infos`
  ADD CONSTRAINT `disk_infos_device_id_foreign` FOREIGN KEY (`device_id`) REFERENCES `computer_devices` (`id`) ON DELETE CASCADE;

--
-- Constraints for table `gpu_infos`
--
ALTER TABLE `gpu_infos`
  ADD CONSTRAINT `gpu_infos_device_id_foreign` FOREIGN KEY (`device_id`) REFERENCES `computer_devices` (`id`) ON DELETE CASCADE;

--
-- Constraints for table `gpu_temps`
--
ALTER TABLE `gpu_temps`
  ADD CONSTRAINT `gpu_temps_gpu_id_foreign` FOREIGN KEY (`gpu_id`) REFERENCES `gpu_infos` (`id`) ON DELETE CASCADE;

--
-- Constraints for table `gpu_usages`
--
ALTER TABLE `gpu_usages`
  ADD CONSTRAINT `gpu_usages_gpu_id_foreign` FOREIGN KEY (`gpu_id`) REFERENCES `gpu_infos` (`id`) ON DELETE CASCADE;

--
-- Constraints for table `input_devices`
--
ALTER TABLE `input_devices`
  ADD CONSTRAINT `input_devices_device_id_foreign` FOREIGN KEY (`device_id`) REFERENCES `computer_devices` (`id`) ON DELETE CASCADE;

--
-- Constraints for table `ram_infos`
--
ALTER TABLE `ram_infos`
  ADD CONSTRAINT `ram_infos_device_id_foreign` FOREIGN KEY (`device_id`) REFERENCES `computer_devices` (`id`) ON DELETE CASCADE;

--
-- Constraints for table `ram_usages`
--
ALTER TABLE `ram_usages`
  ADD CONSTRAINT `ram_usages_ram_id_foreign` FOREIGN KEY (`ram_id`) REFERENCES `ram_infos` (`id`) ON DELETE CASCADE;

--
-- Constraints for table `trend_logs`
--
ALTER TABLE `trend_logs`
  ADD CONSTRAINT `trend_logs_device_id_foreign` FOREIGN KEY (`device_id`) REFERENCES `computer_devices` (`id`) ON DELETE CASCADE;

--
-- Constraints for table `users`
--
ALTER TABLE `users`
  ADD CONSTRAINT `users_laboratory_id_foreign` FOREIGN KEY (`laboratory_id`) REFERENCES `laboratories` (`id`) ON DELETE SET NULL;
COMMIT;

/*!40101 SET CHARACTER_SET_CLIENT=@OLD_CHARACTER_SET_CLIENT */;
/*!40101 SET CHARACTER_SET_RESULTS=@OLD_CHARACTER_SET_RESULTS */;
/*!40101 SET COLLATION_CONNECTION=@OLD_COLLATION_CONNECTION */;
